<application>
  <component name="libraryTable">
    <library name="Python 3.8 (QTrader) interpreter library">
      <CLASSES>
        <root url="file://$USER_HOME$/AppData/Local/Programs/Python/Python38-32/DLLs" />
        <root url="file://$USER_HOME$/AppData/Local/Programs/Python/Python38-32/Lib" />
        <root url="file://$USER_HOME$/AppData/Local/Programs/Python/Python38-32" />
        <root url="file://$USER_HOME$/QTrader/venv" />
        <root url="file://$USER_HOME$/QTrader/venv/Lib/site-packages" />
        <root url="file://$USER_HOME$/AppData/Local/JetBrains/IntelliJIdea2020.3/python_stubs/-443786130" />
        <root url="file://$APPLICATION_PLUGINS_DIR$/python/helpers/python-skeletons" />
        <root url="file://$APPLICATION_PLUGINS_DIR$/python/helpers/typeshed/stdlib/3.7" />
        <root url="file://$APPLICATION_PLUGINS_DIR$/python/helpers/typeshed/stdlib/3" />
        <root url="file://$APPLICATION_PLUGINS_DIR$/python/helpers/typeshed/stdlib/2and3" />
        <root url="file://$APPLICATION_PLUGINS_DIR$/python/helpers/typeshed/third_party/3" />
        <root url="file://$APPLICATION_PLUGINS_DIR$/python/helpers/typeshed/third_party/2and3" />
      </CLASSES>
      <JAVADOC />
      <SOURCES>
        <root url="file://$USER_HOME$/AppData/Local/Programs/Python/Python38-32/DLLs" />
        <root url="file://$USER_HOME$/AppData/Local/Programs/Python/Python38-32/Lib" />
        <root url="file://$USER_HOME$/AppData/Local/Programs/Python/Python38-32" />
        <root url="file://$USER_HOME$/QTrader/venv" />
        <root url="file://$USER_HOME$/QTrader/venv/Lib/site-packages" />
        <root url="file://$USER_HOME$/AppData/Local/JetBrains/IntelliJIdea2020.3/python_stubs/-443786130" />
        <root url="file://$APPLICATION_PLUGINS_DIR$/python/helpers/python-skeletons" />
        <root url="file://$APPLICATION_PLUGINS_DIR$/python/helpers/typeshed/stdlib/3.7" />
        <root url="file://$APPLICATION_PLUGINS_DIR$/python/helpers/typeshed/stdlib/3" />
        <root url="file://$APPLICATION_PLUGINS_DIR$/python/helpers/typeshed/stdlib/2and3" />
        <root url="file://$APPLICATION_PLUGINS_DIR$/python/helpers/typeshed/third_party/3" />
        <root url="file://$APPLICATION_PLUGINS_DIR$/python/helpers/typeshed/third_party/2and3" />
      </SOURCES>
    </library>
    <library name="scala-sdk-2.13.3" type="Scala">
      <properties>
        <language-level>Scala_2_13</language-level>
        <compiler-classpath>
          <root url="file://$USER_HOME$/.ivy2/cache/org.scala-lang/scala-compiler/jars/scala-compiler-2.13.3.jar" />
          <root url="file://$USER_HOME$/.ivy2/cache/org.scala-lang/scala-reflect/jars/scala-reflect-2.13.3.jar" />
          <root url="file://$USER_HOME$/.ivy2/cache/org.scala-lang/scala-library/jars/scala-library-2.13.3.jar" />
        </compiler-classpath>
      </properties>
      <CLASSES>
        <root url="jar://$USER_HOME$/.ivy2/cache/org.scala-lang/scala-reflect/jars/scala-reflect-2.13.3.jar!/" />
        <root url="jar://$USER_HOME$/.ivy2/cache/org.scala-lang/scala-library/jars/scala-library-2.13.3.jar!/" />
        <root url="jar://$USER_HOME$/.ivy2/cache/org.scala-lang/scala-library/srcs/scala-library-2.13.3-sources.jar!/" />
      </CLASSES>
      <JAVADOC />
      <SOURCES />
    </library>
  </component>
</application>