<application>
  <component name="FileTypeManager" version="18">
    <extensionMap>
      <mapping pattern="Dockerfile-lint-test" type="AUTO_DETECTED" />
      <mapping pattern="Dockerfile-test" type="AUTO_DETECTED" />
      <mapping pattern="DockerFile.base" type="Dockerfile" />
      <mapping pattern="Dockerfile-lint" type="Dockerfile" />
      <mapping pattern="Dockerfile.base" type="Dockerfile" />
      <mapping ext="libsonnet" type="Jsonnet file" />
      <mapping pattern="precommit" type="PLAIN_TEXT" />
      <mapping pattern="version" type="PLAIN_TEXT" />
      <mapping pattern="pylintrc" type="PLAIN_TEXT" />
      <mapping pattern="__version__" type="PLAIN_TEXT" />
      <mapping ext="base" type="PLAIN_TEXT" />
      <mapping ext="weights" type="PLAIN_TEXT" />
      <mapping ext="pem" type="PLAIN_TEXT" />
      <mapping ext="mts" type="PLAIN_TEXT" />
      <removed_mapping ext="base" approved="true" type="Dockerfile" />
      <removed_mapping ext="conf" approved="true" type="Markdown" />
      <removed_mapping ext="ignore" approved="true" type="IgnoreLang file" />
      <removed_mapping ext="txt" approved="true" type="PLAIN_TEXT" />
      <removed_mapping pattern=".libsonnet" approved="true" type="Jsonnet file" />
    </extensionMap>
  </component>
</application>