<application>
  <component name="FileTypeManager" version="18">
    <extensionMap>
      <mapping pattern="DockerFile.base" type="Dockerfile" />
      <mapping pattern="Dockerfile.base" type="Dockerfile" />
      <mapping ext="gradle.kts" type="Kotlin" />
      <mapping ext="main.kts" type="Kotlin" />
      <mapping pattern="precommit" type="PLAIN_TEXT" />
      <mapping pattern="version" type="PLAIN_TEXT" />
      <mapping pattern="pylintrc" type="PLAIN_TEXT" />
      <mapping pattern="__version__" type="PLAIN_TEXT" />
      <mapping ext="base" type="PLAIN_TEXT" />
      <mapping ext="pem" type="PLAIN_TEXT" />
      <removed_mapping ext="apk" approved="true" type="ARCHIVE" />
      <removed_mapping ext="base" approved="true" type="Dockerfile" />
      <removed_mapping ext="conf" approved="true" type="Markdown" />
      <removed_mapping ext="csv" approved="true" type="CSV file" />
      <removed_mapping ext="env" approved="true" type="Env File" />
      <removed_mapping ext="psd" approved="true" type="Image" />
      <removed_mapping pattern=".env" approved="true" type="Env File" />
      <removed_mapping pattern=".env.*" approved="true" type="Env File" />
      <removed_mapping pattern=".libsonnet" approved="true" type="Jsonnet file" />
      <mapping ext="libsonnet" type="Jsonnet file" />
    </extensionMap>
  </component>
</application>