<application>
  <component name="FileTypeManager" version="17">
    <extensionMap>
      <mapping pattern="DockerFile.base" type="Dockerfile" />
      <mapping pattern="Dockerfile.base" type="Dockerfile" />
      <mapping ext="libsonnet" type="Jsonnet file" />
      <mapping pattern="precommit" type="PLAIN_TEXT" />
      <mapping pattern="version" type="PLAIN_TEXT" />
      <mapping pattern="pylintrc" type="PLAIN_TEXT" />
      <mapping pattern="__version__" type="PLAIN_TEXT" />
      <mapping ext="base" type="PLAIN_TEXT" />
      <mapping ext="pem" type="PLAIN_TEXT" />
      <removed_mapping ext="conf" approved="true" type="Markdown" />
      <removed_mapping pattern=".libsonnet" approved="true" type="Jsonnet file" />
      <removed_mapping ext="base" approved="true" type="Dockerfile" />
    </extensionMap>
  </component>
</application>