<application>
  <component name="ProjectJdkTable">
    <jdk version="2">
      <name value="Python 2.7 (secapi)" />
      <type value="Python SDK" />
      <version value="Python 2.7.16" />
      <homePath value="$USER_HOME$/Workspace/secapi/venv/bin/python2.7" />
      <roots>
        <annotationsPath>
          <root type="composite" />
        </annotationsPath>
        <classPath>
          <root type="composite">
            <root url="file:///System/Library/Frameworks/Python.framework/Versions/2.7/lib/python2.7" type="simple" />
            <root url="file:///System/Library/Frameworks/Python.framework/Versions/2.7/lib/python2.7/plat-darwin" type="simple" />
            <root url="file:///System/Library/Frameworks/Python.framework/Versions/2.7/lib/python2.7/plat-mac" type="simple" />
            <root url="file:///System/Library/Frameworks/Python.framework/Versions/2.7/lib/python2.7/plat-mac/lib-scriptpackages" type="simple" />
            <root url="file:///System/Library/Frameworks/Python.framework/Versions/2.7/lib/python2.7/lib-tk" type="simple" />
            <root url="file:///System/Library/Frameworks/Python.framework/Versions/2.7/lib/python2.7/lib-dynload" type="simple" />
            <root url="file://$USER_HOME$/Workspace/secapi/venv/lib/python2.7/site-packages" type="simple" />
            <root url="file://$USER_HOME$/Workspace/secapi" type="simple" />
            <root url="file://$USER_HOME$/Workspace/secapi/venv/src/autofocusclientlibrary" type="simple" />
            <root url="file://$USER_HOME$/Library/Caches/JetBrains/IntelliJIdea2020.2/python_stubs/112144973" type="simple" />
            <root url="file://$APPLICATION_PLUGINS_DIR$/python/helpers/python-skeletons" type="simple" />
            <root url="file://$APPLICATION_PLUGINS_DIR$/python/helpers/typeshed/stdlib/2" type="simple" />
            <root url="file://$APPLICATION_PLUGINS_DIR$/python/helpers/typeshed/stdlib/2and3" type="simple" />
            <root url="file://$APPLICATION_PLUGINS_DIR$/python/helpers/typeshed/third_party/2" type="simple" />
            <root url="file://$APPLICATION_PLUGINS_DIR$/python/helpers/typeshed/third_party/2and3" type="simple" />
          </root>
        </classPath>
        <javadocPath>
          <root type="composite" />
        </javadocPath>
        <sourcePath>
          <root type="composite" />
        </sourcePath>
      </roots>
      <additional />
    </jdk>
    <jdk version="2">
      <name value="Python 2.7 (sirtlib)" />
      <type value="Python SDK" />
      <version value="Python 2.7.16" />
      <homePath value="$USER_HOME$/Workspace/sirtlib/venv/bin/python2.7" />
      <roots>
        <annotationsPath>
          <root type="composite" />
        </annotationsPath>
        <classPath>
          <root type="composite">
            <root url="file:///System/Library/Frameworks/Python.framework/Versions/2.7/lib/python2.7" type="simple" />
            <root url="file:///System/Library/Frameworks/Python.framework/Versions/2.7/lib/python2.7/plat-darwin" type="simple" />
            <root url="file:///System/Library/Frameworks/Python.framework/Versions/2.7/lib/python2.7/plat-mac" type="simple" />
            <root url="file:///System/Library/Frameworks/Python.framework/Versions/2.7/lib/python2.7/plat-mac/lib-scriptpackages" type="simple" />
            <root url="file:///System/Library/Frameworks/Python.framework/Versions/2.7/lib/python2.7/lib-tk" type="simple" />
            <root url="file:///System/Library/Frameworks/Python.framework/Versions/2.7/lib/python2.7/lib-dynload" type="simple" />
            <root url="file://$USER_HOME$/Workspace/sirtlib/venv/lib/python2.7/site-packages" type="simple" />
            <root url="file://$USER_HOME$/Library/Caches/JetBrains/IntelliJIdea2020.2/python_stubs/1879861433" type="simple" />
            <root url="file://$APPLICATION_PLUGINS_DIR$/python/helpers/python-skeletons" type="simple" />
            <root url="file://$APPLICATION_PLUGINS_DIR$/python/helpers/typeshed/stdlib/2" type="simple" />
            <root url="file://$APPLICATION_PLUGINS_DIR$/python/helpers/typeshed/stdlib/2and3" type="simple" />
            <root url="file://$APPLICATION_PLUGINS_DIR$/python/helpers/typeshed/third_party/2" type="simple" />
            <root url="file://$APPLICATION_PLUGINS_DIR$/python/helpers/typeshed/third_party/2and3" type="simple" />
          </root>
        </classPath>
        <javadocPath>
          <root type="composite" />
        </javadocPath>
        <sourcePath>
          <root type="composite" />
        </sourcePath>
      </roots>
      <additional />
    </jdk>
    <jdk version="2">
      <name value="1.8" />
      <type value="JavaSDK" />
      <version value="java version &quot;1.8.0_251&quot;" />
      <homePath value="/Library/Java/JavaVirtualMachines/jdk1.8.0_251.jdk/Contents/Home" />
      <roots>
        <annotationsPath>
          <root type="composite">
            <root url="jar://$APPLICATION_HOME_DIR$/plugins/java/lib/jdkAnnotations.jar!/" type="simple" />
          </root>
        </annotationsPath>
        <classPath>
          <root type="composite">
            <root url="jar:///Library/Java/JavaVirtualMachines/jdk1.8.0_251.jdk/Contents/Home/jre/lib/charsets.jar!/" type="simple" />
            <root url="jar:///Library/Java/JavaVirtualMachines/jdk1.8.0_251.jdk/Contents/Home/jre/lib/deploy.jar!/" type="simple" />
            <root url="jar:///Library/Java/JavaVirtualMachines/jdk1.8.0_251.jdk/Contents/Home/jre/lib/ext/cldrdata.jar!/" type="simple" />
            <root url="jar:///Library/Java/JavaVirtualMachines/jdk1.8.0_251.jdk/Contents/Home/jre/lib/ext/dnsns.jar!/" type="simple" />
            <root url="jar:///Library/Java/JavaVirtualMachines/jdk1.8.0_251.jdk/Contents/Home/jre/lib/ext/jaccess.jar!/" type="simple" />
            <root url="jar:///Library/Java/JavaVirtualMachines/jdk1.8.0_251.jdk/Contents/Home/jre/lib/ext/jfxrt.jar!/" type="simple" />
            <root url="jar:///Library/Java/JavaVirtualMachines/jdk1.8.0_251.jdk/Contents/Home/jre/lib/ext/localedata.jar!/" type="simple" />
            <root url="jar:///Library/Java/JavaVirtualMachines/jdk1.8.0_251.jdk/Contents/Home/jre/lib/ext/nashorn.jar!/" type="simple" />
            <root url="jar:///Library/Java/JavaVirtualMachines/jdk1.8.0_251.jdk/Contents/Home/jre/lib/ext/sunec.jar!/" type="simple" />
            <root url="jar:///Library/Java/JavaVirtualMachines/jdk1.8.0_251.jdk/Contents/Home/jre/lib/ext/sunjce_provider.jar!/" type="simple" />
            <root url="jar:///Library/Java/JavaVirtualMachines/jdk1.8.0_251.jdk/Contents/Home/jre/lib/ext/sunpkcs11.jar!/" type="simple" />
            <root url="jar:///Library/Java/JavaVirtualMachines/jdk1.8.0_251.jdk/Contents/Home/jre/lib/ext/zipfs.jar!/" type="simple" />
            <root url="jar:///Library/Java/JavaVirtualMachines/jdk1.8.0_251.jdk/Contents/Home/jre/lib/javaws.jar!/" type="simple" />
            <root url="jar:///Library/Java/JavaVirtualMachines/jdk1.8.0_251.jdk/Contents/Home/jre/lib/jce.jar!/" type="simple" />
            <root url="jar:///Library/Java/JavaVirtualMachines/jdk1.8.0_251.jdk/Contents/Home/jre/lib/jfr.jar!/" type="simple" />
            <root url="jar:///Library/Java/JavaVirtualMachines/jdk1.8.0_251.jdk/Contents/Home/jre/lib/jfxswt.jar!/" type="simple" />
            <root url="jar:///Library/Java/JavaVirtualMachines/jdk1.8.0_251.jdk/Contents/Home/jre/lib/jsse.jar!/" type="simple" />
            <root url="jar:///Library/Java/JavaVirtualMachines/jdk1.8.0_251.jdk/Contents/Home/jre/lib/management-agent.jar!/" type="simple" />
            <root url="jar:///Library/Java/JavaVirtualMachines/jdk1.8.0_251.jdk/Contents/Home/jre/lib/plugin.jar!/" type="simple" />
            <root url="jar:///Library/Java/JavaVirtualMachines/jdk1.8.0_251.jdk/Contents/Home/jre/lib/resources.jar!/" type="simple" />
            <root url="jar:///Library/Java/JavaVirtualMachines/jdk1.8.0_251.jdk/Contents/Home/jre/lib/rt.jar!/" type="simple" />
            <root url="jar:///Library/Java/JavaVirtualMachines/jdk1.8.0_251.jdk/Contents/Home/lib/ant-javafx.jar!/" type="simple" />
            <root url="jar:///Library/Java/JavaVirtualMachines/jdk1.8.0_251.jdk/Contents/Home/lib/dt.jar!/" type="simple" />
            <root url="jar:///Library/Java/JavaVirtualMachines/jdk1.8.0_251.jdk/Contents/Home/lib/javafx-mx.jar!/" type="simple" />
            <root url="jar:///Library/Java/JavaVirtualMachines/jdk1.8.0_251.jdk/Contents/Home/lib/jconsole.jar!/" type="simple" />
            <root url="jar:///Library/Java/JavaVirtualMachines/jdk1.8.0_251.jdk/Contents/Home/lib/packager.jar!/" type="simple" />
            <root url="jar:///Library/Java/JavaVirtualMachines/jdk1.8.0_251.jdk/Contents/Home/lib/sa-jdi.jar!/" type="simple" />
            <root url="jar:///Library/Java/JavaVirtualMachines/jdk1.8.0_251.jdk/Contents/Home/lib/tools.jar!/" type="simple" />
          </root>
        </classPath>
        <javadocPath>
          <root type="composite" />
        </javadocPath>
        <sourcePath>
          <root type="composite">
            <root url="jar:///Library/Java/JavaVirtualMachines/jdk1.8.0_251.jdk/Contents/Home/src.zip!/" type="simple" />
            <root url="jar:///Library/Java/JavaVirtualMachines/jdk1.8.0_251.jdk/Contents/Home/javafx-src.zip!/" type="simple" />
          </root>
        </sourcePath>
      </roots>
      <additional />
    </jdk>
    <jdk version="2">
      <name value="Python 2.7 (hound)" />
      <type value="Python SDK" />
      <version value="Python 2.7.16" />
      <homePath value="$USER_HOME$/Workspace/hound/venv/bin/python2.7" />
      <roots>
        <annotationsPath>
          <root type="composite" />
        </annotationsPath>
        <classPath>
          <root type="composite">
            <root url="file:///System/Library/Frameworks/Python.framework/Versions/2.7/lib/python2.7" type="simple" />
            <root url="file:///System/Library/Frameworks/Python.framework/Versions/2.7/lib/python2.7/plat-darwin" type="simple" />
            <root url="file:///System/Library/Frameworks/Python.framework/Versions/2.7/lib/python2.7/plat-mac" type="simple" />
            <root url="file:///System/Library/Frameworks/Python.framework/Versions/2.7/lib/python2.7/plat-mac/lib-scriptpackages" type="simple" />
            <root url="file:///System/Library/Frameworks/Python.framework/Versions/2.7/lib/python2.7/lib-tk" type="simple" />
            <root url="file:///System/Library/Frameworks/Python.framework/Versions/2.7/lib/python2.7/lib-dynload" type="simple" />
            <root url="file://$USER_HOME$/Workspace/hound/venv/lib/python2.7/site-packages" type="simple" />
            <root url="file://$USER_HOME$/Workspace/sirtlib" type="simple" />
            <root url="file://$USER_HOME$/Library/Caches/JetBrains/IntelliJIdea2020.2/python_stubs/-1396320446" type="simple" />
            <root url="file://$APPLICATION_PLUGINS_DIR$/python/helpers/python-skeletons" type="simple" />
            <root url="file://$APPLICATION_PLUGINS_DIR$/python/helpers/typeshed/stdlib/2" type="simple" />
            <root url="file://$APPLICATION_PLUGINS_DIR$/python/helpers/typeshed/stdlib/2and3" type="simple" />
            <root url="file://$APPLICATION_PLUGINS_DIR$/python/helpers/typeshed/third_party/2" type="simple" />
            <root url="file://$APPLICATION_PLUGINS_DIR$/python/helpers/typeshed/third_party/2and3" type="simple" />
          </root>
        </classPath>
        <javadocPath>
          <root type="composite" />
        </javadocPath>
        <sourcePath>
          <root type="composite" />
        </sourcePath>
      </roots>
      <additional />
    </jdk>
    <jdk version="2">
      <name value="11" />
      <type value="JavaSDK" />
      <version value="java version &quot;11.0.7&quot;" />
      <homePath value="$USER_HOME$/Downloads/jbr" />
      <roots>
        <annotationsPath>
          <root type="composite">
            <root url="jar://$APPLICATION_HOME_DIR$/plugins/java/lib/jdkAnnotations.jar!/" type="simple" />
          </root>
        </annotationsPath>
        <classPath>
          <root type="composite">
            <root url="jrt:///Users/jprocopio/Downloads/jbr!/java.base" type="simple" />
            <root url="jrt:///Users/jprocopio/Downloads/jbr!/java.compiler" type="simple" />
            <root url="jrt:///Users/jprocopio/Downloads/jbr!/java.datatransfer" type="simple" />
            <root url="jrt:///Users/jprocopio/Downloads/jbr!/java.desktop" type="simple" />
            <root url="jrt:///Users/jprocopio/Downloads/jbr!/java.instrument" type="simple" />
            <root url="jrt:///Users/jprocopio/Downloads/jbr!/java.logging" type="simple" />
            <root url="jrt:///Users/jprocopio/Downloads/jbr!/java.management" type="simple" />
            <root url="jrt:///Users/jprocopio/Downloads/jbr!/java.management.rmi" type="simple" />
            <root url="jrt:///Users/jprocopio/Downloads/jbr!/java.naming" type="simple" />
            <root url="jrt:///Users/jprocopio/Downloads/jbr!/java.net.http" type="simple" />
            <root url="jrt:///Users/jprocopio/Downloads/jbr!/java.prefs" type="simple" />
            <root url="jrt:///Users/jprocopio/Downloads/jbr!/java.rmi" type="simple" />
            <root url="jrt:///Users/jprocopio/Downloads/jbr!/java.scripting" type="simple" />
            <root url="jrt:///Users/jprocopio/Downloads/jbr!/java.se" type="simple" />
            <root url="jrt:///Users/jprocopio/Downloads/jbr!/java.security.jgss" type="simple" />
            <root url="jrt:///Users/jprocopio/Downloads/jbr!/java.security.sasl" type="simple" />
            <root url="jrt:///Users/jprocopio/Downloads/jbr!/java.smartcardio" type="simple" />
            <root url="jrt:///Users/jprocopio/Downloads/jbr!/java.sql" type="simple" />
            <root url="jrt:///Users/jprocopio/Downloads/jbr!/java.sql.rowset" type="simple" />
            <root url="jrt:///Users/jprocopio/Downloads/jbr!/java.transaction.xa" type="simple" />
            <root url="jrt:///Users/jprocopio/Downloads/jbr!/java.xml" type="simple" />
            <root url="jrt:///Users/jprocopio/Downloads/jbr!/java.xml.crypto" type="simple" />
            <root url="jrt:///Users/jprocopio/Downloads/jbr!/javafx.base" type="simple" />
            <root url="jrt:///Users/jprocopio/Downloads/jbr!/javafx.controls" type="simple" />
            <root url="jrt:///Users/jprocopio/Downloads/jbr!/javafx.fxml" type="simple" />
            <root url="jrt:///Users/jprocopio/Downloads/jbr!/javafx.graphics" type="simple" />
            <root url="jrt:///Users/jprocopio/Downloads/jbr!/javafx.media" type="simple" />
            <root url="jrt:///Users/jprocopio/Downloads/jbr!/javafx.swing" type="simple" />
            <root url="jrt:///Users/jprocopio/Downloads/jbr!/javafx.web" type="simple" />
            <root url="jrt:///Users/jprocopio/Downloads/jbr!/jcef" type="simple" />
            <root url="jrt:///Users/jprocopio/Downloads/jbr!/jdk.accessibility" type="simple" />
            <root url="jrt:///Users/jprocopio/Downloads/jbr!/jdk.aot" type="simple" />
            <root url="jrt:///Users/jprocopio/Downloads/jbr!/jdk.attach" type="simple" />
            <root url="jrt:///Users/jprocopio/Downloads/jbr!/jdk.charsets" type="simple" />
            <root url="jrt:///Users/jprocopio/Downloads/jbr!/jdk.compiler" type="simple" />
            <root url="jrt:///Users/jprocopio/Downloads/jbr!/jdk.crypto.cryptoki" type="simple" />
            <root url="jrt:///Users/jprocopio/Downloads/jbr!/jdk.crypto.ec" type="simple" />
            <root url="jrt:///Users/jprocopio/Downloads/jbr!/jdk.dynalink" type="simple" />
            <root url="jrt:///Users/jprocopio/Downloads/jbr!/jdk.hotspot.agent" type="simple" />
            <root url="jrt:///Users/jprocopio/Downloads/jbr!/jdk.httpserver" type="simple" />
            <root url="jrt:///Users/jprocopio/Downloads/jbr!/jdk.internal.ed" type="simple" />
            <root url="jrt:///Users/jprocopio/Downloads/jbr!/jdk.internal.jvmstat" type="simple" />
            <root url="jrt:///Users/jprocopio/Downloads/jbr!/jdk.internal.le" type="simple" />
            <root url="jrt:///Users/jprocopio/Downloads/jbr!/jdk.internal.vm.ci" type="simple" />
            <root url="jrt:///Users/jprocopio/Downloads/jbr!/jdk.internal.vm.compiler" type="simple" />
            <root url="jrt:///Users/jprocopio/Downloads/jbr!/jdk.internal.vm.compiler.management" type="simple" />
            <root url="jrt:///Users/jprocopio/Downloads/jbr!/jdk.jdi" type="simple" />
            <root url="jrt:///Users/jprocopio/Downloads/jbr!/jdk.jdwp.agent" type="simple" />
            <root url="jrt:///Users/jprocopio/Downloads/jbr!/jdk.jfr" type="simple" />
            <root url="jrt:///Users/jprocopio/Downloads/jbr!/jdk.jsobject" type="simple" />
            <root url="jrt:///Users/jprocopio/Downloads/jbr!/jdk.localedata" type="simple" />
            <root url="jrt:///Users/jprocopio/Downloads/jbr!/jdk.management" type="simple" />
            <root url="jrt:///Users/jprocopio/Downloads/jbr!/jdk.management.agent" type="simple" />
            <root url="jrt:///Users/jprocopio/Downloads/jbr!/jdk.management.jfr" type="simple" />
            <root url="jrt:///Users/jprocopio/Downloads/jbr!/jdk.naming.dns" type="simple" />
            <root url="jrt:///Users/jprocopio/Downloads/jbr!/jdk.naming.rmi" type="simple" />
            <root url="jrt:///Users/jprocopio/Downloads/jbr!/jdk.net" type="simple" />
            <root url="jrt:///Users/jprocopio/Downloads/jbr!/jdk.pack" type="simple" />
            <root url="jrt:///Users/jprocopio/Downloads/jbr!/jdk.scripting.nashorn" type="simple" />
            <root url="jrt:///Users/jprocopio/Downloads/jbr!/jdk.scripting.nashorn.shell" type="simple" />
            <root url="jrt:///Users/jprocopio/Downloads/jbr!/jdk.sctp" type="simple" />
            <root url="jrt:///Users/jprocopio/Downloads/jbr!/jdk.security.auth" type="simple" />
            <root url="jrt:///Users/jprocopio/Downloads/jbr!/jdk.security.jgss" type="simple" />
            <root url="jrt:///Users/jprocopio/Downloads/jbr!/jdk.unsupported" type="simple" />
            <root url="jrt:///Users/jprocopio/Downloads/jbr!/jdk.xml.dom" type="simple" />
            <root url="jrt:///Users/jprocopio/Downloads/jbr!/jdk.zipfs" type="simple" />
          </root>
        </classPath>
        <javadocPath>
          <root type="composite">
            <root url="https://docs.oracle.com/en/java/javase/11/docs/api/" type="simple" />
          </root>
        </javadocPath>
        <sourcePath>
          <root type="composite" />
        </sourcePath>
      </roots>
      <additional />
    </jdk>
    <jdk version="2">
      <name value="Python 3.6 (scheduled_jobs)" />
      <type value="Python SDK" />
      <version value="Python 3.6.8" />
      <homePath value="$USER_HOME$/miniconda3/envs/scheduled_jobs/bin/python3" />
      <roots>
        <annotationsPath>
          <root type="composite" />
        </annotationsPath>
        <classPath>
          <root type="composite">
            <root url="file://$USER_HOME$/miniconda3/envs/scheduled_jobs/lib/python3.6" type="simple" />
            <root url="file://$USER_HOME$/miniconda3/envs/scheduled_jobs/lib/python3.6/lib-dynload" type="simple" />
            <root url="file://$USER_HOME$/miniconda3/envs/scheduled_jobs/lib/python3.6/site-packages" type="simple" />
            <root url="file://$USER_HOME$/Library/Caches/JetBrains/IntelliJIdea2020.2/python_stubs/32710603" type="simple" />
            <root url="file://$APPLICATION_PLUGINS_DIR$/python/helpers/python-skeletons" type="simple" />
            <root url="file://$APPLICATION_PLUGINS_DIR$/python/helpers/typeshed/stdlib/3" type="simple" />
            <root url="file://$APPLICATION_PLUGINS_DIR$/python/helpers/typeshed/stdlib/2and3" type="simple" />
            <root url="file://$APPLICATION_PLUGINS_DIR$/python/helpers/typeshed/third_party/3" type="simple" />
            <root url="file://$APPLICATION_PLUGINS_DIR$/python/helpers/typeshed/third_party/2and3" type="simple" />
          </root>
        </classPath>
        <javadocPath>
          <root type="composite" />
        </javadocPath>
        <sourcePath>
          <root type="composite" />
        </sourcePath>
      </roots>
      <additional />
    </jdk>
    <jdk version="2">
      <name value="Python 2.7 (greyhound)" />
      <type value="Python SDK" />
      <homePath value="$USER_HOME$/Workspace/greyhound/venv/bin/python" />
      <roots>
        <annotationsPath>
          <root type="composite" />
        </annotationsPath>
        <classPath>
          <root type="composite">
            <root url="file://$USER_HOME$/Workspace/greyhound/venv/lib/python2.7" type="simple" />
            <root url="file://$USER_HOME$/Workspace/greyhound/venv/lib/python2.7/lib-dynload" type="simple" />
            <root url="file:///System/Library/Frameworks/Python.framework/Versions/2.7/lib/python2.7" type="simple" />
            <root url="file:///System/Library/Frameworks/Python.framework/Versions/2.7/lib/python2.7/plat-darwin" type="simple" />
            <root url="file:///System/Library/Frameworks/Python.framework/Versions/2.7/lib/python2.7/lib-tk" type="simple" />
            <root url="file:///System/Library/Frameworks/Python.framework/Versions/2.7/lib/python2.7/plat-mac" type="simple" />
            <root url="file:///System/Library/Frameworks/Python.framework/Versions/2.7/lib/python2.7/plat-mac/lib-scriptpackages" type="simple" />
            <root url="file://$USER_HOME$/Workspace/greyhound/venv/lib/python2.7/site-packages" type="simple" />
            <root url="file://$USER_HOME$/Library/Caches/JetBrains/IntelliJIdea2020.2/python_stubs/-1546573286" type="simple" />
            <root url="file://$APPLICATION_PLUGINS_DIR$/python/helpers/python-skeletons" type="simple" />
            <root url="file://$APPLICATION_PLUGINS_DIR$/python/helpers/typeshed/stdlib/2" type="simple" />
            <root url="file://$APPLICATION_PLUGINS_DIR$/python/helpers/typeshed/stdlib/2and3" type="simple" />
            <root url="file://$APPLICATION_PLUGINS_DIR$/python/helpers/typeshed/third_party/2" type="simple" />
            <root url="file://$APPLICATION_PLUGINS_DIR$/python/helpers/typeshed/third_party/2and3" type="simple" />
          </root>
        </classPath>
        <javadocPath>
          <root type="composite" />
        </javadocPath>
        <sourcePath>
          <root type="composite" />
        </sourcePath>
      </roots>
      <additional />
    </jdk>
    <jdk version="2">
      <name value="Python 3.6 (security_automation_infrastructure)" />
      <type value="Python SDK" />
      <version value="Python 3.6.12" />
      <homePath value="$USER_HOME$/miniconda3/envs/security_automation_infrastructure/bin/python" />
      <roots>
        <annotationsPath>
          <root type="composite" />
        </annotationsPath>
        <classPath>
          <root type="composite">
            <root url="file://$USER_HOME$/miniconda3/envs/security_automation_infrastructure/lib/python3.6" type="simple" />
            <root url="file://$USER_HOME$/miniconda3/envs/security_automation_infrastructure/lib/python3.6/lib-dynload" type="simple" />
            <root url="file://$USER_HOME$/miniconda3/envs/security_automation_infrastructure/lib/python3.6/site-packages" type="simple" />
            <root url="file://$USER_HOME$/Library/Caches/JetBrains/IntelliJIdea2020.2/python_stubs/1804427652" type="simple" />
            <root url="file://$APPLICATION_PLUGINS_DIR$/python/helpers/python-skeletons" type="simple" />
            <root url="file://$APPLICATION_PLUGINS_DIR$/python/helpers/typeshed/stdlib/3" type="simple" />
            <root url="file://$APPLICATION_PLUGINS_DIR$/python/helpers/typeshed/stdlib/2and3" type="simple" />
            <root url="file://$APPLICATION_PLUGINS_DIR$/python/helpers/typeshed/third_party/3" type="simple" />
            <root url="file://$APPLICATION_PLUGINS_DIR$/python/helpers/typeshed/third_party/2and3" type="simple" />
          </root>
        </classPath>
        <javadocPath>
          <root type="composite" />
        </javadocPath>
        <sourcePath>
          <root type="composite" />
        </sourcePath>
      </roots>
      <additional />
    </jdk>
    <jdk version="2">
      <name value="Python 3.8 (Zeno)" />
      <type value="Python SDK" />
      <version value="Python 3.8.5" />
      <homePath value="$USER_HOME$/miniconda3/envs/Zeno/bin/python" />
      <roots>
        <annotationsPath>
          <root type="composite" />
        </annotationsPath>
        <classPath>
          <root type="composite">
            <root url="file://$USER_HOME$/miniconda3/envs/Zeno/lib/python3.8" type="simple" />
            <root url="file://$USER_HOME$/miniconda3/envs/Zeno/lib/python3.8/lib-dynload" type="simple" />
            <root url="file://$USER_HOME$/miniconda3/envs/Zeno/lib/python3.8/site-packages" type="simple" />
            <root url="file://$USER_HOME$/Library/Caches/JetBrains/IntelliJIdea2020.2/python_stubs/979533188" type="simple" />
            <root url="file://$APPLICATION_PLUGINS_DIR$/python/helpers/python-skeletons" type="simple" />
            <root url="file://$APPLICATION_PLUGINS_DIR$/python/helpers/typeshed/stdlib/3.7" type="simple" />
            <root url="file://$APPLICATION_PLUGINS_DIR$/python/helpers/typeshed/stdlib/3" type="simple" />
            <root url="file://$APPLICATION_PLUGINS_DIR$/python/helpers/typeshed/stdlib/2and3" type="simple" />
            <root url="file://$APPLICATION_PLUGINS_DIR$/python/helpers/typeshed/third_party/3" type="simple" />
            <root url="file://$APPLICATION_PLUGINS_DIR$/python/helpers/typeshed/third_party/2and3" type="simple" />
          </root>
        </classPath>
        <javadocPath>
          <root type="composite" />
        </javadocPath>
        <sourcePath>
          <root type="composite" />
        </sourcePath>
      </roots>
      <additional />
    </jdk>
    <jdk version="2">
      <name value="Python 3.8 (QTrader)" />
      <type value="Python SDK" />
      <version value="Python 3.8.5" />
      <homePath value="$USER_HOME$/miniconda3/envs/QTrader/bin/python" />
      <roots>
        <annotationsPath>
          <root type="composite" />
        </annotationsPath>
        <classPath>
          <root type="composite">
            <root url="file://$USER_HOME$/miniconda3/envs/QTrader/lib/python3.8" type="simple" />
            <root url="file://$USER_HOME$/miniconda3/envs/QTrader/lib/python3.8/lib-dynload" type="simple" />
            <root url="file://$USER_HOME$/miniconda3/envs/QTrader/lib/python3.8/site-packages" type="simple" />
            <root url="file://$USER_HOME$/Library/Caches/JetBrains/IntelliJIdea2020.2/python_stubs/-990537833" type="simple" />
            <root url="file://$APPLICATION_PLUGINS_DIR$/python/helpers/python-skeletons" type="simple" />
            <root url="file://$APPLICATION_PLUGINS_DIR$/python/helpers/typeshed/stdlib/3.7" type="simple" />
            <root url="file://$APPLICATION_PLUGINS_DIR$/python/helpers/typeshed/stdlib/3" type="simple" />
            <root url="file://$APPLICATION_PLUGINS_DIR$/python/helpers/typeshed/stdlib/2and3" type="simple" />
            <root url="file://$APPLICATION_PLUGINS_DIR$/python/helpers/typeshed/third_party/3" type="simple" />
            <root url="file://$APPLICATION_PLUGINS_DIR$/python/helpers/typeshed/third_party/2and3" type="simple" />
          </root>
        </classPath>
        <javadocPath>
          <root type="composite" />
        </javadocPath>
        <sourcePath>
          <root type="composite" />
        </sourcePath>
      </roots>
      <additional />
    </jdk>
    <jdk version="2">
      <name value="Python 3.6 (greyhound)" />
      <type value="Python SDK" />
      <version value="Python 3.6.12" />
      <homePath value="$USER_HOME$/miniconda3/envs/greyhound/bin/python" />
      <roots>
        <annotationsPath>
          <root type="composite" />
        </annotationsPath>
        <classPath>
          <root type="composite">
            <root url="file://$USER_HOME$/miniconda3/envs/greyhound/lib/python3.6" type="simple" />
            <root url="file://$USER_HOME$/miniconda3/envs/greyhound/lib/python3.6/lib-dynload" type="simple" />
            <root url="file://$USER_HOME$/miniconda3/envs/greyhound/lib/python3.6/site-packages" type="simple" />
            <root url="file://$USER_HOME$/Library/Caches/JetBrains/IntelliJIdea2020.2/python_stubs/-1401590959" type="simple" />
            <root url="file://$APPLICATION_PLUGINS_DIR$/python/helpers/python-skeletons" type="simple" />
            <root url="file://$APPLICATION_PLUGINS_DIR$/python/helpers/typeshed/stdlib/3" type="simple" />
            <root url="file://$APPLICATION_PLUGINS_DIR$/python/helpers/typeshed/stdlib/2and3" type="simple" />
            <root url="file://$APPLICATION_PLUGINS_DIR$/python/helpers/typeshed/third_party/3" type="simple" />
            <root url="file://$APPLICATION_PLUGINS_DIR$/python/helpers/typeshed/third_party/2and3" type="simple" />
          </root>
        </classPath>
        <javadocPath>
          <root type="composite" />
        </javadocPath>
        <sourcePath>
          <root type="composite" />
        </sourcePath>
      </roots>
      <additional />
    </jdk>
  </component>
</application>