<keymap version="1" name="macOS copy" parent="Mac OS X 10.5+">
  <action id="$LRU">
    <keyboard-shortcut first-keystroke="ctrl meta alt o" />
  </action>
  <action id="ActivateGradleToolWindow">
    <keyboard-shortcut first-keystroke="ctrl meta alt g" />
  </action>
  <action id="ActivateVersionControlToolWindow" />
  <action id="CloseProject">
    <keyboard-shortcut first-keystroke="meta alt k" />
  </action>
  <action id="Editor LRU">
    <keyboard-shortcut first-keystroke="ctrl meta alt o" />
  </action>
  <action id="Git.Commit.And.Push.Executor" />
  <action id="Hg.Commit.And.Push.Executor" />
  <action id="LocalHistory.ShowHistory">
    <keyboard-shortcut first-keystroke="meta h" />
    <keyboard-shortcut first-keystroke="meta alt h" />
  </action>
  <action id="NextSplitter">
    <keyboard-shortcut first-keystroke="alt tab" />
    <keyboard-shortcut first-keystroke="shift ctrl meta alt right" />
  </action>
  <action id="PrevSplitter">
    <keyboard-shortcut first-keystroke="shift alt tab" />
    <keyboard-shortcut first-keystroke="shift ctrl meta alt left" />
  </action>
  <action id="SelectInProjectView">
    <keyboard-shortcut first-keystroke="meta back_slash" />
  </action>
  <action id="SplitVertically">
    <keyboard-shortcut first-keystroke="shift ctrl meta alt up" />
  </action>
  <action id="Vcs.Show.Local.Changes">
    <keyboard-shortcut first-keystroke="meta 9" />
  </action>
  <action id="Vcs.Show.Log">
    <keyboard-shortcut first-keystroke="meta 0" />
  </action>
</keymap>