<keymap version="1" name="macOS copy" parent="Mac OS X 10.5+">
  <action id="$LRU">
    <keyboard-shortcut first-keystroke="ctrl meta alt o" />
  </action>
  <action id="ActivateGradleToolWindow">
    <keyboard-shortcut first-keystroke="ctrl meta alt g" />
  </action>
  <action id="ActivateTerminalToolWindow">
    <keyboard-shortcut first-keystroke="alt f12" />
    <keyboard-shortcut first-keystroke="alt equals" />
  </action>
  <action id="ActivateVersionControlToolWindow" />
  <action id="CloseProject">
    <keyboard-shortcut first-keystroke="meta alt k" />
  </action>
  <action id="Editor LRU">
    <keyboard-shortcut first-keystroke="ctrl meta alt o" />
  </action>
  <action id="EditorScrollBottom">
    <keyboard-shortcut first-keystroke="meta alt page_down" />
  </action>
  <action id="EditorScrollTop">
    <keyboard-shortcut first-keystroke="meta alt page_up" />
  </action>
  <action id="Git.Commit.And.Push.Executor" />
  <action id="Hg.Commit.And.Push.Executor" />
  <action id="LocalHistory.ShowHistory">
    <keyboard-shortcut first-keystroke="meta h" />
    <keyboard-shortcut first-keystroke="meta alt h" />
  </action>
  <action id="MoveEditorToOppositeTabGroup">
    <keyboard-shortcut first-keystroke="ctrl meta alt home" />
    <keyboard-shortcut first-keystroke="ctrl meta alt end" />
  </action>
  <action id="NextProjectWindow">
    <keyboard-shortcut first-keystroke="meta alt back_quote" />
    <keyboard-shortcut first-keystroke="meta escape" />
  </action>
  <action id="RunJsbtTask" />
  <action id="Scala.ShowImplicits">
    <keyboard-shortcut first-keystroke="shift ctrl alt equals" />
    <keyboard-shortcut first-keystroke="shift ctrl alt add" />
  </action>
  <action id="SelectInProjectView">
    <keyboard-shortcut first-keystroke="meta back_slash" />
  </action>
  <action id="SplitVertically">
    <keyboard-shortcut first-keystroke="ctrl meta alt page_up" />
  </action>
  <action id="Terminal.OpenInTerminal">
    <keyboard-shortcut first-keystroke="alt f11" />
    <keyboard-shortcut first-keystroke="alt minus" />
  </action>
  <action id="ToggleLineBreakpoint">
    <keyboard-shortcut first-keystroke="meta f8" />
    <keyboard-shortcut first-keystroke="alt 8" />
  </action>
  <action id="Vcs.Show.Local.Changes">
    <keyboard-shortcut first-keystroke="meta 9" />
  </action>
  <action id="Vcs.Show.Log">
    <keyboard-shortcut first-keystroke="meta 0" />
  </action>
</keymap>